job_id,title,company,description,skills
JOB_001,DevOps Engineer,Gamma Innovations,"We are looking for a talented DevOps Engineer to join our team. You will be responsible for building scalable systems and working with cross-functional teams. Required skills include css, react, flask, html, tensorflow, scrum, c++, java. The ideal candidate has strong problem-solving abilities and a passion for technology.","css,react,flask,html,tensorflow,scrum,c++,java"
JOB_002,Full Stack Developer,Cloud9,"We are looking for a talented Full Stack Developer to join our team. You will be responsible for building scalable systems and working with cross-functional teams. Required skills include agile, linux, scrum. The ideal candidate has strong problem-solving abilities and a passion for technology.","agile,linux,scrum"
JOB_003,Cloud Architect,DataWorks,"We are looking for a talented Cloud Architect to join our team. You will be responsible for building scalable systems and working with cross-functional teams. Required skills include linux, typescript, nodejs. The ideal candidate has strong problem-solving abilities and a passion for technology.","linux,typescript,nodejs"
JOB_004,Data Analyst,DataWorks,"We are looking for a talented Data Analyst to join our team. You will be responsible for building scalable systems and working with cross-functional teams. Required skills include rest api, django, flask. The ideal candidate has strong problem-solving abilities and a passion for technology.","rest api,django,flask"
JOB_005,UI/UX Designer,Cloud9,"We are looking for a talented UI/UX Designer to join our team. You will be responsible for building scalable systems and working with cross-functional teams. Required skills include machine learning, python, javascript, java, agile, html, kubernetes, css. The ideal candidate has strong problem-solving abilities and a passion for technology.","machine learning,python,javascript,java,agile,html,kubernetes,css"
JOB_006,Data Analyst,DataWorks,"We are looking for a talented Data Analyst to join our team. You will be responsible for building scalable systems and working with cross-functional teams. Required skills include agile, nodejs, c++, linux, aws. The ideal candidate has strong problem-solving abilities and a passion for technology.","agile,nodejs,c++,linux,aws"
JOB_007,Systems Administrator,Epsilon IT,"We are looking for a talented Systems Administrator to join our team. You will be responsible for building scalable systems and working with cross-functional teams. Required skills include aws, docker, python, java, sql. The ideal candidate has strong problem-solving abilities and a passion for technology.","aws,docker,python,java,sql"
JOB_008,Product Manager,Epsilon IT,"We are looking for a talented Product Manager to join our team. You will be responsible for building scalable systems and working with cross-functional teams. Required skills include tensorflow, pytorch, git. The ideal candidate has strong problem-solving abilities and a passion for technology.","tensorflow,pytorch,git"
JOB_009,Data Scientist,DataWorks,"We are looking for a talented Data Scientist to join our team. You will be responsible for building scalable systems and working with cross-functional teams. Required skills include javascript, pytorch, css. The ideal candidate has strong problem-solving abilities and a passion for technology.","javascript,pytorch,css"
JOB_010,Machine Learning Engineer,Cloud9,"We are looking for a talented Machine Learning Engineer to join our team. You will be responsible for building scalable systems and working with cross-functional teams. Required skills include scrum, python, typescript, linux. The ideal candidate has strong problem-solving abilities and a passion for technology.","scrum,python,typescript,linux"
JOB_011,Full Stack Developer,DataWorks,"We are looking for a talented Full Stack Developer to join our team. You will be responsible for building scalable systems and working with cross-functional teams. Required skills include graphql, kubernetes, bash, typescript. The ideal candidate has strong problem-solving abilities and a passion for technology.","graphql,kubernetes,bash,typescript"
JOB_012,Frontend Developer,DataWorks,"We are looking for a talented Frontend Developer to join our team. You will be responsible for building scalable systems and working with cross-functional teams. Required skills include html, agile, nodejs, flask, graphql. The ideal candidate has strong problem-solving abilities and a passion for technology.","html,agile,nodejs,flask,graphql"
JOB_013,Cloud Architect,Alpha Systems,"We are looking for a talented Cloud Architect to join our team. You will be responsible for building scalable systems and working with cross-functional teams. Required skills include linux, git, javascript, react, kubernetes. The ideal candidate has strong problem-solving abilities and a passion for technology.","linux,git,javascript,react,kubernetes"
JOB_014,Product Manager,Cloud9,"We are looking for a talented Product Manager to join our team. You will be responsible for building scalable systems and working with cross-functional teams. Required skills include linux, machine learning, docker, tensorflow, graphql, rest api, scrum, bash. The ideal candidate has strong problem-solving abilities and a passion for technology.","linux,machine learning,docker,tensorflow,graphql,rest api,scrum,bash"
JOB_015,Cloud Architect,TechCorp,"We are looking for a talented Cloud Architect to join our team. You will be responsible for building scalable systems and working with cross-functional teams. Required skills include tensorflow, nodejs, python, graphql. The ideal candidate has strong problem-solving abilities and a passion for technology.","tensorflow,nodejs,python,graphql"
JOB_016,Machine Learning Engineer,Epsilon IT,"We are looking for a talented Machine Learning Engineer to join our team. You will be responsible for building scalable systems and working with cross-functional teams. Required skills include machine learning, c++, bash. The ideal candidate has strong problem-solving abilities and a passion for technology.","machine learning,c++,bash"
JOB_017,Full Stack Developer,InnoSoft,"We are looking for a talented Full Stack Developer to join our team. You will be responsible for building scalable systems and working with cross-functional teams. Required skills include python, sql, machine learning, docker, flask. The ideal candidate has strong problem-solving abilities and a passion for technology.","python,sql,machine learning,docker,flask"
JOB_018,UI/UX Designer,Gamma Innovations,"We are looking for a talented UI/UX Designer to join our team. You will be responsible for building scalable systems and working with cross-functional teams. Required skills include bash, pytorch, css. The ideal candidate has strong problem-solving abilities and a passion for technology.","bash,pytorch,css"
JOB_019,UI/UX Designer,Delta Software,"We are looking for a talented UI/UX Designer to join our team. You will be responsible for building scalable systems and working with cross-functional teams. Required skills include git, typescript, sql, rest api, flask, javascript, scrum. The ideal candidate has strong problem-solving abilities and a passion for technology.","git,typescript,sql,rest api,flask,javascript,scrum"
JOB_020,Full Stack Developer,Epsilon IT,"We are looking for a talented Full Stack Developer to join our team. You will be responsible for building scalable systems and working with cross-functional teams. Required skills include c++, pytorch, python, javascript, agile, machine learning, flask. The ideal candidate has strong problem-solving abilities and a passion for technology.","c++,pytorch,python,javascript,agile,machine learning,flask"
JOB_021,Systems Administrator,Alpha Systems,"We are looking for a talented Systems Administrator to join our team. You will be responsible for building scalable systems and working with cross-functional teams. Required skills include react, flask, pytorch, typescript, graphql, css, tensorflow, django. The ideal candidate has strong problem-solving abilities and a passion for technology.","react,flask,pytorch,typescript,graphql,css,tensorflow,django"
JOB_022,Product Manager,Delta Software,"We are looking for a talented Product Manager to join our team. You will be responsible for building scalable systems and working with cross-functional teams. Required skills include scrum, graphql, css, tensorflow. The ideal candidate has strong problem-solving abilities and a passion for technology.","scrum,graphql,css,tensorflow"
JOB_023,Data Scientist,Cloud9,"We are looking for a talented Data Scientist to join our team. You will be responsible for building scalable systems and working with cross-functional teams. Required skills include aws, nodejs, tensorflow. The ideal candidate has strong problem-solving abilities and a passion for technology.","aws,nodejs,tensorflow"
JOB_024,Full Stack Developer,Epsilon IT,"We are looking for a talented Full Stack Developer to join our team. You will be responsible for building scalable systems and working with cross-functional teams. Required skills include css, javascript, html, scrum. The ideal candidate has strong problem-solving abilities and a passion for technology.","css,javascript,html,scrum"
JOB_025,Data Analyst,Cloud9,"We are looking for a talented Data Analyst to join our team. You will be responsible for building scalable systems and working with cross-functional teams. Required skills include agile, pytorch, graphql, bash, git, typescript, c++. The ideal candidate has strong problem-solving abilities and a passion for technology.","agile,pytorch,graphql,bash,git,typescript,c++"
JOB_026,Cloud Architect,Cloud9,"We are looking for a talented Cloud Architect to join our team. You will be responsible for building scalable systems and working with cross-functional teams. Required skills include rest api, c++, java. The ideal candidate has strong problem-solving abilities and a passion for technology.","rest api,c++,java"
JOB_027,Machine Learning Engineer,Cloud9,"We are looking for a talented Machine Learning Engineer to join our team. You will be responsible for building scalable systems and working with cross-functional teams. Required skills include graphql, docker, html, agile, bash. The ideal candidate has strong problem-solving abilities and a passion for technology.","graphql,docker,html,agile,bash"
JOB_028,DevOps Engineer,Gamma Innovations,"We are looking for a talented DevOps Engineer to join our team. You will be responsible for building scalable systems and working with cross-functional teams. Required skills include docker, html, pytorch, agile, machine learning, sql, tensorflow. The ideal candidate has strong problem-solving abilities and a passion for technology.","docker,html,pytorch,agile,machine learning,sql,tensorflow"
JOB_029,Machine Learning Engineer,InnoSoft,"We are looking for a talented Machine Learning Engineer to join our team. You will be responsible for building scalable systems and working with cross-functional teams. Required skills include bash, django, git, css, java, graphql, rest api. The ideal candidate has strong problem-solving abilities and a passion for technology.","bash,django,git,css,java,graphql,rest api"
JOB_030,UI/UX Designer,Alpha Systems,"We are looking for a talented UI/UX Designer to join our team. You will be responsible for building scalable systems and working with cross-functional teams. Required skills include sql, kubernetes, javascript, java, html, react, docker. The ideal candidate has strong problem-solving abilities and a passion for technology.","sql,kubernetes,javascript,java,html,react,docker"
JOB_031,Product Manager,NextGen Solutions,"We are looking for a talented Product Manager to join our team. You will be responsible for building scalable systems and working with cross-functional teams. Required skills include agile, javascript, css, linux, django. The ideal candidate has strong problem-solving abilities and a passion for technology.","agile,javascript,css,linux,django"
JOB_032,Frontend Developer,Cloud9,"We are looking for a talented Frontend Developer to join our team. You will be responsible for building scalable systems and working with cross-functional teams. Required skills include html, agile, nodejs, aws. The ideal candidate has strong problem-solving abilities and a passion for technology.","html,agile,nodejs,aws"
JOB_033,Data Scientist,TechCorp,"We are looking for a talented Data Scientist to join our team. You will be responsible for building scalable systems and working with cross-functional teams. Required skills include react, c++, html, scrum. The ideal candidate has strong problem-solving abilities and a passion for technology.","react,c++,html,scrum"
JOB_034,Systems Administrator,TechCorp,"We are looking for a talented Systems Administrator to join our team. You will be responsible for building scalable systems and working with cross-functional teams. Required skills include docker, typescript, aws, graphql, linux, css. The ideal candidate has strong problem-solving abilities and a passion for technology.","docker,typescript,aws,graphql,linux,css"
JOB_035,Machine Learning Engineer,Epsilon IT,"We are looking for a talented Machine Learning Engineer to join our team. You will be responsible for building scalable systems and working with cross-functional teams. Required skills include agile, javascript, docker, graphql. The ideal candidate has strong problem-solving abilities and a passion for technology.","agile,javascript,docker,graphql"
JOB_036,UI/UX Designer,Epsilon IT,"We are looking for a talented UI/UX Designer to join our team. You will be responsible for building scalable systems and working with cross-functional teams. Required skills include rest api, html, python, typescript, javascript, sql, c++, linux. The ideal candidate has strong problem-solving abilities and a passion for technology.","rest api,html,python,typescript,javascript,sql,c++,linux"
JOB_037,Software Engineer,Alpha Systems,"We are looking for a talented Software Engineer to join our team. You will be responsible for building scalable systems and working with cross-functional teams. Required skills include html, css, java, typescript. The ideal candidate has strong problem-solving abilities and a passion for technology.","html,css,java,typescript"
JOB_038,Backend Developer,Delta Software,"We are looking for a talented Backend Developer to join our team. You will be responsible for building scalable systems and working with cross-functional teams. Required skills include css, c++, rest api. The ideal candidate has strong problem-solving abilities and a passion for technology.","css,c++,rest api"
JOB_039,Systems Administrator,Alpha Systems,"We are looking for a talented Systems Administrator to join our team. You will be responsible for building scalable systems and working with cross-functional teams. Required skills include linux, flask, aws, rest api, typescript, machine learning, react, java. The ideal candidate has strong problem-solving abilities and a passion for technology.","linux,flask,aws,rest api,typescript,machine learning,react,java"
JOB_040,Product Manager,Epsilon IT,"We are looking for a talented Product Manager to join our team. You will be responsible for building scalable systems and working with cross-functional teams. Required skills include javascript, css, python. The ideal candidate has strong problem-solving abilities and a passion for technology.","javascript,css,python"
JOB_041,UI/UX Designer,Epsilon IT,"We are looking for a talented UI/UX Designer to join our team. You will be responsible for building scalable systems and working with cross-functional teams. Required skills include pytorch, java, linux, javascript, graphql, react, bash. The ideal candidate has strong problem-solving abilities and a passion for technology.","pytorch,java,linux,javascript,graphql,react,bash"
JOB_042,Data Scientist,TechCorp,"We are looking for a talented Data Scientist to join our team. You will be responsible for building scalable systems and working with cross-functional teams. Required skills include aws, c++, agile, sql, git, react, java. The ideal candidate has strong problem-solving abilities and a passion for technology.","aws,c++,agile,sql,git,react,java"
JOB_043,Full Stack Developer,TechCorp,"We are looking for a talented Full Stack Developer to join our team. You will be responsible for building scalable systems and working with cross-functional teams. Required skills include sql, c++, django, scrum, graphql, linux, aws, docker. The ideal candidate has strong problem-solving abilities and a passion for technology.","sql,c++,django,scrum,graphql,linux,aws,docker"
JOB_044,Cloud Architect,Delta Software,"We are looking for a talented Cloud Architect to join our team. You will be responsible for building scalable systems and working with cross-functional teams. Required skills include aws, django, flask, rest api. The ideal candidate has strong problem-solving abilities and a passion for technology.","aws,django,flask,rest api"
JOB_045,Data Analyst,Cloud9,"We are looking for a talented Data Analyst to join our team. You will be responsible for building scalable systems and working with cross-functional teams. Required skills include sql, kubernetes, bash, flask. The ideal candidate has strong problem-solving abilities and a passion for technology.","sql,kubernetes,bash,flask"
JOB_046,DevOps Engineer,DataWorks,"We are looking for a talented DevOps Engineer to join our team. You will be responsible for building scalable systems and working with cross-functional teams. Required skills include react, c++, html. The ideal candidate has strong problem-solving abilities and a passion for technology.","react,c++,html"
JOB_047,UI/UX Designer,Delta Software,"We are looking for a talented UI/UX Designer to join our team. You will be responsible for building scalable systems and working with cross-functional teams. Required skills include git, django, flask. The ideal candidate has strong problem-solving abilities and a passion for technology.","git,django,flask"
JOB_048,Full Stack Developer,Gamma Innovations,"We are looking for a talented Full Stack Developer to join our team. You will be responsible for building scalable systems and working with cross-functional teams. Required skills include sql, javascript, graphql, flask, typescript, c++, tensorflow, machine learning. The ideal candidate has strong problem-solving abilities and a passion for technology.","sql,javascript,graphql,flask,typescript,c++,tensorflow,machine learning"
JOB_049,DevOps Engineer,TechCorp,"We are looking for a talented DevOps Engineer to join our team. You will be responsible for building scalable systems and working with cross-functional teams. Required skills include graphql, linux, flask, css, sql, django, aws. The ideal candidate has strong problem-solving abilities and a passion for technology.","graphql,linux,flask,css,sql,django,aws"
JOB_050,Data Analyst,Epsilon IT,"We are looking for a talented Data Analyst to join our team. You will be responsible for building scalable systems and working with cross-functional teams. Required skills include tensorflow, agile, sql, typescript, c++, html. The ideal candidate has strong problem-solving abilities and a passion for technology.","tensorflow,agile,sql,typescript,c++,html"
JOB_051,Software Engineer,Gamma Innovations,"We are looking for a talented Software Engineer to join our team. You will be responsible for building scalable systems and working with cross-functional teams. Required skills include linux, agile, bash. The ideal candidate has strong problem-solving abilities and a passion for technology.","linux,agile,bash"
JOB_052,Software Engineer,InnoSoft,"We are looking for a talented Software Engineer to join our team. You will be responsible for building scalable systems and working with cross-functional teams. Required skills include c++, kubernetes, machine learning, graphql, java, flask, docker. The ideal candidate has strong problem-solving abilities and a passion for technology.","c++,kubernetes,machine learning,graphql,java,flask,docker"
JOB_053,Software Engineer,Delta Software,"We are looking for a talented Software Engineer to join our team. You will be responsible for building scalable systems and working with cross-functional teams. Required skills include nodejs, docker, css, html. The ideal candidate has strong problem-solving abilities and a passion for technology.","nodejs,docker,css,html"
JOB_054,UI/UX Designer,Cloud9,"We are looking for a talented UI/UX Designer to join our team. You will be responsible for building scalable systems and working with cross-functional teams. Required skills include react, linux, docker, bash, css, flask, pytorch, javascript. The ideal candidate has strong problem-solving abilities and a passion for technology.","react,linux,docker,bash,css,flask,pytorch,javascript"
JOB_055,DevOps Engineer,Alpha Systems,"We are looking for a talented DevOps Engineer to join our team. You will be responsible for building scalable systems and working with cross-functional teams. Required skills include java, django, c++, javascript. The ideal candidate has strong problem-solving abilities and a passion for technology.","java,django,c++,javascript"
JOB_056,Frontend Developer,Beta Technologies,"We are looking for a talented Frontend Developer to join our team. You will be responsible for building scalable systems and working with cross-functional teams. Required skills include java, agile, kubernetes, git, flask. The ideal candidate has strong problem-solving abilities and a passion for technology.","java,agile,kubernetes,git,flask"
JOB_057,Systems Administrator,Gamma Innovations,"We are looking for a talented Systems Administrator to join our team. You will be responsible for building scalable systems and working with cross-functional teams. Required skills include java, nodejs, tensorflow, python, graphql, css, typescript. The ideal candidate has strong problem-solving abilities and a passion for technology.","java,nodejs,tensorflow,python,graphql,css,typescript"
JOB_058,Product Manager,DataWorks,"We are looking for a talented Product Manager to join our team. You will be responsible for building scalable systems and working with cross-functional teams. Required skills include graphql, python, c++, linux, bash, git, scrum. The ideal candidate has strong problem-solving abilities and a passion for technology.","graphql,python,c++,linux,bash,git,scrum"
JOB_059,DevOps Engineer,Beta Technologies,"We are looking for a talented DevOps Engineer to join our team. You will be responsible for building scalable systems and working with cross-functional teams. Required skills include agile, bash, linux, git, sql. The ideal candidate has strong problem-solving abilities and a passion for technology.","agile,bash,linux,git,sql"
JOB_060,Machine Learning Engineer,Alpha Systems,"We are looking for a talented Machine Learning Engineer to join our team. You will be responsible for building scalable systems and working with cross-functional teams. Required skills include pytorch, html, javascript, bash. The ideal candidate has strong problem-solving abilities and a passion for technology.","pytorch,html,javascript,bash"
JOB_061,Frontend Developer,InnoSoft,"We are looking for a talented Frontend Developer to join our team. You will be responsible for building scalable systems and working with cross-functional teams. Required skills include git, docker, typescript, python, javascript. The ideal candidate has strong problem-solving abilities and a passion for technology.","git,docker,typescript,python,javascript"
JOB_062,Product Manager,Cloud9,"We are looking for a talented Product Manager to join our team. You will be responsible for building scalable systems and working with cross-functional teams. Required skills include agile, machine learning, git, aws, rest api. The ideal candidate has strong problem-solving abilities and a passion for technology.","agile,machine learning,git,aws,rest api"
JOB_063,Systems Administrator,DataWorks,"We are looking for a talented Systems Administrator to join our team. You will be responsible for building scalable systems and working with cross-functional teams. Required skills include kubernetes, nodejs, sql, bash, css. The ideal candidate has strong problem-solving abilities and a passion for technology.","kubernetes,nodejs,sql,bash,css"
JOB_064,Frontend Developer,Gamma Innovations,"We are looking for a talented Frontend Developer to join our team. You will be responsible for building scalable systems and working with cross-functional teams. Required skills include pytorch, flask, tensorflow. The ideal candidate has strong problem-solving abilities and a passion for technology.","pytorch,flask,tensorflow"
JOB_065,Product Manager,Delta Software,"We are looking for a talented Product Manager to join our team. You will be responsible for building scalable systems and working with cross-functional teams. Required skills include pytorch, docker, tensorflow, java, javascript, rest api, html. The ideal candidate has strong problem-solving abilities and a passion for technology.","pytorch,docker,tensorflow,java,javascript,rest api,html"
JOB_066,Data Analyst,NextGen Solutions,"We are looking for a talented Data Analyst to join our team. You will be responsible for building scalable systems and working with cross-functional teams. Required skills include django, css, react, machine learning, linux, kubernetes, typescript, c++. The ideal candidate has strong problem-solving abilities and a passion for technology.","django,css,react,machine learning,linux,kubernetes,typescript,c++"
JOB_067,Systems Administrator,NextGen Solutions,"We are looking for a talented Systems Administrator to join our team. You will be responsible for building scalable systems and working with cross-functional teams. Required skills include css, java, graphql. The ideal candidate has strong problem-solving abilities and a passion for technology.","css,java,graphql"
JOB_068,Cloud Architect,TechCorp,"We are looking for a talented Cloud Architect to join our team. You will be responsible for building scalable systems and working with cross-functional teams. Required skills include html, git, bash, typescript. The ideal candidate has strong problem-solving abilities and a passion for technology.","html,git,bash,typescript"
JOB_069,Data Analyst,Delta Software,"We are looking for a talented Data Analyst to join our team. You will be responsible for building scalable systems and working with cross-functional teams. Required skills include python, pytorch, docker. The ideal candidate has strong problem-solving abilities and a passion for technology.","python,pytorch,docker"
JOB_070,Machine Learning Engineer,Beta Technologies,"We are looking for a talented Machine Learning Engineer to join our team. You will be responsible for building scalable systems and working with cross-functional teams. Required skills include react, nodejs, graphql, docker. The ideal candidate has strong problem-solving abilities and a passion for technology.","react,nodejs,graphql,docker"
JOB_071,Product Manager,Gamma Innovations,"We are looking for a talented Product Manager to join our team. You will be responsible for building scalable systems and working with cross-functional teams. Required skills include django, machine learning, nodejs. The ideal candidate has strong problem-solving abilities and a passion for technology.","django,machine learning,nodejs"
JOB_072,Backend Developer,DataWorks,"We are looking for a talented Backend Developer to join our team. You will be responsible for building scalable systems and working with cross-functional teams. Required skills include linux, c++, git, typescript, kubernetes. The ideal candidate has strong problem-solving abilities and a passion for technology.","linux,c++,git,typescript,kubernetes"
JOB_073,Backend Developer,DataWorks,"We are looking for a talented Backend Developer to join our team. You will be responsible for building scalable systems and working with cross-functional teams. Required skills include css, react, typescript. The ideal candidate has strong problem-solving abilities and a passion for technology.","css,react,typescript"
JOB_074,Machine Learning Engineer,Alpha Systems,"We are looking for a talented Machine Learning Engineer to join our team. You will be responsible for building scalable systems and working with cross-functional teams. Required skills include tensorflow, sql, typescript, html, django, machine learning, css, kubernetes. The ideal candidate has strong problem-solving abilities and a passion for technology.","tensorflow,sql,typescript,html,django,machine learning,css,kubernetes"
JOB_075,Data Scientist,Epsilon IT,"We are looking for a talented Data Scientist to join our team. You will be responsible for building scalable systems and working with cross-functional teams. Required skills include react, agile, tensorflow, machine learning, graphql, django, c++. The ideal candidate has strong problem-solving abilities and a passion for technology.","react,agile,tensorflow,machine learning,graphql,django,c++"
JOB_076,UI/UX Designer,NextGen Solutions,"We are looking for a talented UI/UX Designer to join our team. You will be responsible for building scalable systems and working with cross-functional teams. Required skills include flask, tensorflow, linux, typescript, scrum. The ideal candidate has strong problem-solving abilities and a passion for technology.","flask,tensorflow,linux,typescript,scrum"
JOB_077,Full Stack Developer,Delta Software,"We are looking for a talented Full Stack Developer to join our team. You will be responsible for building scalable systems and working with cross-functional teams. Required skills include scrum, javascript, django, aws, c++, python. The ideal candidate has strong problem-solving abilities and a passion for technology.","scrum,javascript,django,aws,c++,python"
JOB_078,Cloud Architect,Alpha Systems,"We are looking for a talented Cloud Architect to join our team. You will be responsible for building scalable systems and working with cross-functional teams. Required skills include typescript, rest api, flask, django, docker, agile. The ideal candidate has strong problem-solving abilities and a passion for technology.","typescript,rest api,flask,django,docker,agile"
JOB_079,Full Stack Developer,Epsilon IT,"We are looking for a talented Full Stack Developer to join our team. You will be responsible for building scalable systems and working with cross-functional teams. Required skills include aws, bash, flask, react, python, css, java, nodejs. The ideal candidate has strong problem-solving abilities and a passion for technology.","aws,bash,flask,react,python,css,java,nodejs"
JOB_080,Backend Developer,TechCorp,"We are looking for a talented Backend Developer to join our team. You will be responsible for building scalable systems and working with cross-functional teams. Required skills include sql, bash, kubernetes, html, machine learning, rest api. The ideal candidate has strong problem-solving abilities and a passion for technology.","sql,bash,kubernetes,html,machine learning,rest api"
JOB_081,Data Analyst,Delta Software,"We are looking for a talented Data Analyst to join our team. You will be responsible for building scalable systems and working with cross-functional teams. Required skills include tensorflow, html, scrum, sql, react, linux, machine learning, java. The ideal candidate has strong problem-solving abilities and a passion for technology.","tensorflow,html,scrum,sql,react,linux,machine learning,java"
JOB_082,Software Engineer,Beta Technologies,"We are looking for a talented Software Engineer to join our team. You will be responsible for building scalable systems and working with cross-functional teams. Required skills include django, aws, rest api, kubernetes. The ideal candidate has strong problem-solving abilities and a passion for technology.","django,aws,rest api,kubernetes"
JOB_083,Machine Learning Engineer,InnoSoft,"We are looking for a talented Machine Learning Engineer to join our team. You will be responsible for building scalable systems and working with cross-functional teams. Required skills include react, kubernetes, scrum, git, css, javascript. The ideal candidate has strong problem-solving abilities and a passion for technology.","react,kubernetes,scrum,git,css,javascript"
JOB_084,UI/UX Designer,Beta Technologies,"We are looking for a talented UI/UX Designer to join our team. You will be responsible for building scalable systems and working with cross-functional teams. Required skills include linux, java, graphql, django, docker, machine learning, rest api, flask. The ideal candidate has strong problem-solving abilities and a passion for technology.","linux,java,graphql,django,docker,machine learning,rest api,flask"
JOB_085,Machine Learning Engineer,InnoSoft,"We are looking for a talented Machine Learning Engineer to join our team. You will be responsible for building scalable systems and working with cross-functional teams. Required skills include typescript, tensorflow, javascript, nodejs, bash, django, linux, css. The ideal candidate has strong problem-solving abilities and a passion for technology.","typescript,tensorflow,javascript,nodejs,bash,django,linux,css"
JOB_086,UI/UX Designer,DataWorks,"We are looking for a talented UI/UX Designer to join our team. You will be responsible for building scalable systems and working with cross-functional teams. Required skills include scrum, java, typescript, c++, kubernetes, agile. The ideal candidate has strong problem-solving abilities and a passion for technology.","scrum,java,typescript,c++,kubernetes,agile"
JOB_087,Systems Administrator,Cloud9,"We are looking for a talented Systems Administrator to join our team. You will be responsible for building scalable systems and working with cross-functional teams. Required skills include docker, git, flask, nodejs, python, agile. The ideal candidate has strong problem-solving abilities and a passion for technology.","docker,git,flask,nodejs,python,agile"
JOB_088,UI/UX Designer,InnoSoft,"We are looking for a talented UI/UX Designer to join our team. You will be responsible for building scalable systems and working with cross-functional teams. Required skills include flask, bash, graphql, css, linux, machine learning. The ideal candidate has strong problem-solving abilities and a passion for technology.","flask,bash,graphql,css,linux,machine learning"
JOB_089,Frontend Developer,Cloud9,"We are looking for a talented Frontend Developer to join our team. You will be responsible for building scalable systems and working with cross-functional teams. Required skills include java, rest api, pytorch, scrum, machine learning, react. The ideal candidate has strong problem-solving abilities and a passion for technology.","java,rest api,pytorch,scrum,machine learning,react"
JOB_090,Frontend Developer,InnoSoft,"We are looking for a talented Frontend Developer to join our team. You will be responsible for building scalable systems and working with cross-functional teams. Required skills include c++, docker, java, bash, react, sql, css. The ideal candidate has strong problem-solving abilities and a passion for technology.","c++,docker,java,bash,react,sql,css"
JOB_091,DevOps Engineer,Delta Software,"We are looking for a talented DevOps Engineer to join our team. You will be responsible for building scalable systems and working with cross-functional teams. Required skills include kubernetes, scrum, python. The ideal candidate has strong problem-solving abilities and a passion for technology.","kubernetes,scrum,python"
JOB_092,Frontend Developer,Alpha Systems,"We are looking for a talented Frontend Developer to join our team. You will be responsible for building scalable systems and working with cross-functional teams. Required skills include bash, machine learning, docker, graphql. The ideal candidate has strong problem-solving abilities and a passion for technology.","bash,machine learning,docker,graphql"
JOB_093,UI/UX Designer,Beta Technologies,"We are looking for a talented UI/UX Designer to join our team. You will be responsible for building scalable systems and working with cross-functional teams. Required skills include kubernetes, aws, java, rest api, linux, pytorch, django. The ideal candidate has strong problem-solving abilities and a passion for technology.","kubernetes,aws,java,rest api,linux,pytorch,django"
JOB_094,Product Manager,Alpha Systems,"We are looking for a talented Product Manager to join our team. You will be responsible for building scalable systems and working with cross-functional teams. Required skills include django, python, docker, tensorflow, agile. The ideal candidate has strong problem-solving abilities and a passion for technology.","django,python,docker,tensorflow,agile"
JOB_095,UI/UX Designer,NextGen Solutions,"We are looking for a talented UI/UX Designer to join our team. You will be responsible for building scalable systems and working with cross-functional teams. Required skills include agile, css, typescript. The ideal candidate has strong problem-solving abilities and a passion for technology.","agile,css,typescript"
JOB_096,UI/UX Designer,TechCorp,"We are looking for a talented UI/UX Designer to join our team. You will be responsible for building scalable systems and working with cross-functional teams. Required skills include html, java, tensorflow, agile, pytorch, rest api, typescript. The ideal candidate has strong problem-solving abilities and a passion for technology.","html,java,tensorflow,agile,pytorch,rest api,typescript"
JOB_097,Software Engineer,InnoSoft,"We are looking for a talented Software Engineer to join our team. You will be responsible for building scalable systems and working with cross-functional teams. Required skills include c++, flask, docker, tensorflow, html, rest api. The ideal candidate has strong problem-solving abilities and a passion for technology.","c++,flask,docker,tensorflow,html,rest api"
JOB_098,Software Engineer,Gamma Innovations,"We are looking for a talented Software Engineer to join our team. You will be responsible for building scalable systems and working with cross-functional teams. Required skills include django, typescript, graphql, javascript, bash, css, kubernetes. The ideal candidate has strong problem-solving abilities and a passion for technology.","django,typescript,graphql,javascript,bash,css,kubernetes"
JOB_099,Frontend Developer,NextGen Solutions,"We are looking for a talented Frontend Developer to join our team. You will be responsible for building scalable systems and working with cross-functional teams. Required skills include kubernetes, git, machine learning, tensorflow, linux, aws. The ideal candidate has strong problem-solving abilities and a passion for technology.","kubernetes,git,machine learning,tensorflow,linux,aws"
JOB_100,Machine Learning Engineer,Gamma Innovations,"We are looking for a talented Machine Learning Engineer to join our team. You will be responsible for building scalable systems and working with cross-functional teams. Required skills include javascript, css, machine learning. The ideal candidate has strong problem-solving abilities and a passion for technology.","javascript,css,machine learning"
JOB_101,Product Manager,DataWorks,"We are looking for a talented Product Manager to join our team. You will be responsible for building scalable systems and working with cross-functional teams. Required skills include flask, aws, machine learning, docker, pytorch, javascript, rest api. The ideal candidate has strong problem-solving abilities and a passion for technology.","flask,aws,machine learning,docker,pytorch,javascript,rest api"
JOB_102,Software Engineer,Cloud9,"We are looking for a talented Software Engineer to join our team. You will be responsible for building scalable systems and working with cross-functional teams. Required skills include linux, react, machine learning, aws, nodejs. The ideal candidate has strong problem-solving abilities and a passion for technology.","linux,react,machine learning,aws,nodejs"
JOB_103,Data Scientist,TechCorp,"We are looking for a talented Data Scientist to join our team. You will be responsible for building scalable systems and working with cross-functional teams. Required skills include aws, graphql, css, sql, git, nodejs, html. The ideal candidate has strong problem-solving abilities and a passion for technology.","aws,graphql,css,sql,git,nodejs,html"
JOB_104,DevOps Engineer,DataWorks,"We are looking for a talented DevOps Engineer to join our team. You will be responsible for building scalable systems and working with cross-functional teams. Required skills include bash, linux, pytorch, git, aws, react, c++, tensorflow. The ideal candidate has strong problem-solving abilities and a passion for technology.","bash,linux,pytorch,git,aws,react,c++,tensorflow"
JOB_105,Data Scientist,DataWorks,"We are looking for a talented Data Scientist to join our team. You will be responsible for building scalable systems and working with cross-functional teams. Required skills include sql, git, aws, java, html, machine learning, rest api. The ideal candidate has strong problem-solving abilities and a passion for technology.","sql,git,aws,java,html,machine learning,rest api"
JOB_106,Product Manager,InnoSoft,"We are looking for a talented Product Manager to join our team. You will be responsible for building scalable systems and working with cross-functional teams. Required skills include python, c++, git, sql, kubernetes, docker, scrum, typescript. The ideal candidate has strong problem-solving abilities and a passion for technology.","python,c++,git,sql,kubernetes,docker,scrum,typescript"
JOB_107,Systems Administrator,Cloud9,"We are looking for a talented Systems Administrator to join our team. You will be responsible for building scalable systems and working with cross-functional teams. Required skills include css, flask, django, html, scrum, javascript. The ideal candidate has strong problem-solving abilities and a passion for technology.","css,flask,django,html,scrum,javascript"
JOB_108,Machine Learning Engineer,Delta Software,"We are looking for a talented Machine Learning Engineer to join our team. You will be responsible for building scalable systems and working with cross-functional teams. Required skills include tensorflow, aws, python, django. The ideal candidate has strong problem-solving abilities and a passion for technology.","tensorflow,aws,python,django"
JOB_109,Full Stack Developer,Delta Software,"We are looking for a talented Full Stack Developer to join our team. You will be responsible for building scalable systems and working with cross-functional teams. Required skills include react, django, scrum, rest api, python, c++, git. The ideal candidate has strong problem-solving abilities and a passion for technology.","react,django,scrum,rest api,python,c++,git"
JOB_110,Product Manager,TechCorp,"We are looking for a talented Product Manager to join our team. You will be responsible for building scalable systems and working with cross-functional teams. Required skills include agile, c++, rest api, aws, css, python, scrum. The ideal candidate has strong problem-solving abilities and a passion for technology.","agile,c++,rest api,aws,css,python,scrum"
JOB_111,Data Analyst,Epsilon IT,"We are looking for a talented Data Analyst to join our team. You will be responsible for building scalable systems and working with cross-functional teams. Required skills include rest api, bash, pytorch, typescript, graphql. The ideal candidate has strong problem-solving abilities and a passion for technology.","rest api,bash,pytorch,typescript,graphql"
JOB_112,Frontend Developer,TechCorp,"We are looking for a talented Frontend Developer to join our team. You will be responsible for building scalable systems and working with cross-functional teams. Required skills include pytorch, django, c++, flask. The ideal candidate has strong problem-solving abilities and a passion for technology.","pytorch,django,c++,flask"
JOB_113,UI/UX Designer,InnoSoft,"We are looking for a talented UI/UX Designer to join our team. You will be responsible for building scalable systems and working with cross-functional teams. Required skills include nodejs, java, javascript, typescript, aws, python. The ideal candidate has strong problem-solving abilities and a passion for technology.","nodejs,java,javascript,typescript,aws,python"
JOB_114,Systems Administrator,NextGen Solutions,"We are looking for a talented Systems Administrator to join our team. You will be responsible for building scalable systems and working with cross-functional teams. Required skills include javascript, tensorflow, python, rest api, pytorch, scrum, nodejs. The ideal candidate has strong problem-solving abilities and a passion for technology.","javascript,tensorflow,python,rest api,pytorch,scrum,nodejs"
JOB_115,Data Scientist,Gamma Innovations,"We are looking for a talented Data Scientist to join our team. You will be responsible for building scalable systems and working with cross-functional teams. Required skills include typescript, css, sql, pytorch, c++, flask. The ideal candidate has strong problem-solving abilities and a passion for technology.","typescript,css,sql,pytorch,c++,flask"
JOB_116,Frontend Developer,Cloud9,"We are looking for a talented Frontend Developer to join our team. You will be responsible for building scalable systems and working with cross-functional teams. Required skills include flask, javascript, typescript, rest api, sql, python. The ideal candidate has strong problem-solving abilities and a passion for technology.","flask,javascript,typescript,rest api,sql,python"
JOB_117,Machine Learning Engineer,DataWorks,"We are looking for a talented Machine Learning Engineer to join our team. You will be responsible for building scalable systems and working with cross-functional teams. Required skills include aws, flask, html, machine learning, scrum. The ideal candidate has strong problem-solving abilities and a passion for technology.","aws,flask,html,machine learning,scrum"
JOB_118,Systems Administrator,TechCorp,"We are looking for a talented Systems Administrator to join our team. You will be responsible for building scalable systems and working with cross-functional teams. Required skills include html, docker, agile, tensorflow, css, graphql, javascript, c++. The ideal candidate has strong problem-solving abilities and a passion for technology.","html,docker,agile,tensorflow,css,graphql,javascript,c++"
JOB_119,Product Manager,InnoSoft,"We are looking for a talented Product Manager to join our team. You will be responsible for building scalable systems and working with cross-functional teams. Required skills include docker, rest api, linux, html, typescript. The ideal candidate has strong problem-solving abilities and a passion for technology.","docker,rest api,linux,html,typescript"
JOB_120,Data Scientist,Alpha Systems,"We are looking for a talented Data Scientist to join our team. You will be responsible for building scalable systems and working with cross-functional teams. Required skills include scrum, git, css, java, nodejs, javascript, machine learning. The ideal candidate has strong problem-solving abilities and a passion for technology.","scrum,git,css,java,nodejs,javascript,machine learning"
JOB_121,UI/UX Designer,DataWorks,"We are looking for a talented UI/UX Designer to join our team. You will be responsible for building scalable systems and working with cross-functional teams. Required skills include docker, typescript, rest api. The ideal candidate has strong problem-solving abilities and a passion for technology.","docker,typescript,rest api"
JOB_122,Software Engineer,DataWorks,"We are looking for a talented Software Engineer to join our team. You will be responsible for building scalable systems and working with cross-functional teams. Required skills include tensorflow, java, git. The ideal candidate has strong problem-solving abilities and a passion for technology.","tensorflow,java,git"
JOB_123,Full Stack Developer,Delta Software,"We are looking for a talented Full Stack Developer to join our team. You will be responsible for building scalable systems and working with cross-functional teams. Required skills include scrum, java, tensorflow, rest api, docker, bash. The ideal candidate has strong problem-solving abilities and a passion for technology.","scrum,java,tensorflow,rest api,docker,bash"
JOB_124,Software Engineer,DataWorks,"We are looking for a talented Software Engineer to join our team. You will be responsible for building scalable systems and working with cross-functional teams. Required skills include flask, linux, kubernetes, javascript, sql, nodejs. The ideal candidate has strong problem-solving abilities and a passion for technology.","flask,linux,kubernetes,javascript,sql,nodejs"
JOB_125,Software Engineer,TechCorp,"We are looking for a talented Software Engineer to join our team. You will be responsible for building scalable systems and working with cross-functional teams. Required skills include tensorflow, nodejs, html, docker, django, agile, scrum, flask. The ideal candidate has strong problem-solving abilities and a passion for technology.","tensorflow,nodejs,html,docker,django,agile,scrum,flask"
JOB_126,Machine Learning Engineer,Alpha Systems,"We are looking for a talented Machine Learning Engineer to join our team. You will be responsible for building scalable systems and working with cross-functional teams. Required skills include linux, bash, machine learning, git, sql. The ideal candidate has strong problem-solving abilities and a passion for technology.","linux,bash,machine learning,git,sql"
JOB_127,Product Manager,Epsilon IT,"We are looking for a talented Product Manager to join our team. You will be responsible for building scalable systems and working with cross-functional teams. Required skills include nodejs, python, graphql, scrum, flask, git, kubernetes, tensorflow. The ideal candidate has strong problem-solving abilities and a passion for technology.","nodejs,python,graphql,scrum,flask,git,kubernetes,tensorflow"
JOB_128,UI/UX Designer,Beta Technologies,"We are looking for a talented UI/UX Designer to join our team. You will be responsible for building scalable systems and working with cross-functional teams. Required skills include django, graphql, aws, tensorflow, javascript. The ideal candidate has strong problem-solving abilities and a passion for technology.","django,graphql,aws,tensorflow,javascript"
JOB_129,Product Manager,Cloud9,"We are looking for a talented Product Manager to join our team. You will be responsible for building scalable systems and working with cross-functional teams. Required skills include pytorch, javascript, scrum, java, aws, graphql, css. The ideal candidate has strong problem-solving abilities and a passion for technology.","pytorch,javascript,scrum,java,aws,graphql,css"
JOB_130,Software Engineer,Gamma Innovations,"We are looking for a talented Software Engineer to join our team. You will be responsible for building scalable systems and working with cross-functional teams. Required skills include css, agile, bash, kubernetes, sql, machine learning. The ideal candidate has strong problem-solving abilities and a passion for technology.","css,agile,bash,kubernetes,sql,machine learning"
JOB_131,Backend Developer,Cloud9,"We are looking for a talented Backend Developer to join our team. You will be responsible for building scalable systems and working with cross-functional teams. Required skills include flask, javascript, git, sql, graphql, python. The ideal candidate has strong problem-solving abilities and a passion for technology.","flask,javascript,git,sql,graphql,python"
JOB_132,Data Analyst,NextGen Solutions,"We are looking for a talented Data Analyst to join our team. You will be responsible for building scalable systems and working with cross-functional teams. Required skills include tensorflow, git, scrum, aws, agile. The ideal candidate has strong problem-solving abilities and a passion for technology.","tensorflow,git,scrum,aws,agile"
JOB_133,DevOps Engineer,Cloud9,"We are looking for a talented DevOps Engineer to join our team. You will be responsible for building scalable systems and working with cross-functional teams. Required skills include react, docker, flask, rest api, agile. The ideal candidate has strong problem-solving abilities and a passion for technology.","react,docker,flask,rest api,agile"
JOB_134,Frontend Developer,Beta Technologies,"We are looking for a talented Frontend Developer to join our team. You will be responsible for building scalable systems and working with cross-functional teams. Required skills include nodejs, tensorflow, rest api, c++, kubernetes. The ideal candidate has strong problem-solving abilities and a passion for technology.","nodejs,tensorflow,rest api,c++,kubernetes"
JOB_135,Cloud Architect,TechCorp,"We are looking for a talented Cloud Architect to join our team. You will be responsible for building scalable systems and working with cross-functional teams. Required skills include react, docker, c++, nodejs, rest api. The ideal candidate has strong problem-solving abilities and a passion for technology.","react,docker,c++,nodejs,rest api"
JOB_136,Full Stack Developer,Gamma Innovations,"We are looking for a talented Full Stack Developer to join our team. You will be responsible for building scalable systems and working with cross-functional teams. Required skills include rest api, css, scrum, html, java. The ideal candidate has strong problem-solving abilities and a passion for technology.","rest api,css,scrum,html,java"
JOB_137,Data Analyst,Gamma Innovations,"We are looking for a talented Data Analyst to join our team. You will be responsible for building scalable systems and working with cross-functional teams. Required skills include nodejs, c++, tensorflow, machine learning, git. The ideal candidate has strong problem-solving abilities and a passion for technology.","nodejs,c++,tensorflow,machine learning,git"
JOB_138,Machine Learning Engineer,Epsilon IT,"We are looking for a talented Machine Learning Engineer to join our team. You will be responsible for building scalable systems and working with cross-functional teams. Required skills include docker, bash, tensorflow, javascript, python, aws, java. The ideal candidate has strong problem-solving abilities and a passion for technology.","docker,bash,tensorflow,javascript,python,aws,java"
JOB_139,Data Analyst,Epsilon IT,"We are looking for a talented Data Analyst to join our team. You will be responsible for building scalable systems and working with cross-functional teams. Required skills include html, docker, agile, typescript. The ideal candidate has strong problem-solving abilities and a passion for technology.","html,docker,agile,typescript"
JOB_140,Cloud Architect,DataWorks,"We are looking for a talented Cloud Architect to join our team. You will be responsible for building scalable systems and working with cross-functional teams. Required skills include scrum, agile, flask. The ideal candidate has strong problem-solving abilities and a passion for technology.","scrum,agile,flask"
JOB_141,Machine Learning Engineer,Delta Software,"We are looking for a talented Machine Learning Engineer to join our team. You will be responsible for building scalable systems and working with cross-functional teams. Required skills include scrum, graphql, docker, c++. The ideal candidate has strong problem-solving abilities and a passion for technology.","scrum,graphql,docker,c++"
JOB_142,Backend Developer,NextGen Solutions,"We are looking for a talented Backend Developer to join our team. You will be responsible for building scalable systems and working with cross-functional teams. Required skills include graphql, bash, typescript, c++, nodejs. The ideal candidate has strong problem-solving abilities and a passion for technology.","graphql,bash,typescript,c++,nodejs"
JOB_143,Data Analyst,Beta Technologies,"We are looking for a talented Data Analyst to join our team. You will be responsible for building scalable systems and working with cross-functional teams. Required skills include scrum, flask, typescript. The ideal candidate has strong problem-solving abilities and a passion for technology.","scrum,flask,typescript"
JOB_144,DevOps Engineer,Epsilon IT,"We are looking for a talented DevOps Engineer to join our team. You will be responsible for building scalable systems and working with cross-functional teams. Required skills include kubernetes, rest api, graphql. The ideal candidate has strong problem-solving abilities and a passion for technology.","kubernetes,rest api,graphql"
JOB_145,Systems Administrator,InnoSoft,"We are looking for a talented Systems Administrator to join our team. You will be responsible for building scalable systems and working with cross-functional teams. Required skills include bash, linux, flask, scrum, javascript, sql, nodejs, machine learning. The ideal candidate has strong problem-solving abilities and a passion for technology.","bash,linux,flask,scrum,javascript,sql,nodejs,machine learning"
JOB_146,DevOps Engineer,DataWorks,"We are looking for a talented DevOps Engineer to join our team. You will be responsible for building scalable systems and working with cross-functional teams. Required skills include javascript, scrum, sql. The ideal candidate has strong problem-solving abilities and a passion for technology.","javascript,scrum,sql"
JOB_147,Backend Developer,Cloud9,"We are looking for a talented Backend Developer to join our team. You will be responsible for building scalable systems and working with cross-functional teams. Required skills include django, react, bash. The ideal candidate has strong problem-solving abilities and a passion for technology.","django,react,bash"
JOB_148,Software Engineer,Epsilon IT,"We are looking for a talented Software Engineer to join our team. You will be responsible for building scalable systems and working with cross-functional teams. Required skills include react, aws, python. The ideal candidate has strong problem-solving abilities and a passion for technology.","react,aws,python"
JOB_149,Data Scientist,InnoSoft,"We are looking for a talented Data Scientist to join our team. You will be responsible for building scalable systems and working with cross-functional teams. Required skills include html, agile, aws, pytorch, bash. The ideal candidate has strong problem-solving abilities and a passion for technology.","html,agile,aws,pytorch,bash"
JOB_150,Frontend Developer,InnoSoft,"We are looking for a talented Frontend Developer to join our team. You will be responsible for building scalable systems and working with cross-functional teams. Required skills include java, nodejs, python, pytorch, tensorflow, css. The ideal candidate has strong problem-solving abilities and a passion for technology.","java,nodejs,python,pytorch,tensorflow,css"
JOB_151,DevOps Engineer,InnoSoft,"We are looking for a talented DevOps Engineer to join our team. You will be responsible for building scalable systems and working with cross-functional teams. Required skills include agile, python, machine learning, typescript, java, kubernetes, bash, scrum. The ideal candidate has strong problem-solving abilities and a passion for technology.","agile,python,machine learning,typescript,java,kubernetes,bash,scrum"
JOB_152,Full Stack Developer,Gamma Innovations,"We are looking for a talented Full Stack Developer to join our team. You will be responsible for building scalable systems and working with cross-functional teams. Required skills include machine learning, nodejs, sql, c++, django, scrum, typescript, css. The ideal candidate has strong problem-solving abilities and a passion for technology.","machine learning,nodejs,sql,c++,django,scrum,typescript,css"
JOB_153,Cloud Architect,Alpha Systems,"We are looking for a talented Cloud Architect to join our team. You will be responsible for building scalable systems and working with cross-functional teams. Required skills include graphql, aws, tensorflow, django, python. The ideal candidate has strong problem-solving abilities and a passion for technology.","graphql,aws,tensorflow,django,python"
JOB_154,DevOps Engineer,InnoSoft,"We are looking for a talented DevOps Engineer to join our team. You will be responsible for building scalable systems and working with cross-functional teams. Required skills include django, pytorch, java, scrum, html, docker, sql. The ideal candidate has strong problem-solving abilities and a passion for technology.","django,pytorch,java,scrum,html,docker,sql"
JOB_155,DevOps Engineer,Delta Software,"We are looking for a talented DevOps Engineer to join our team. You will be responsible for building scalable systems and working with cross-functional teams. Required skills include python, c++, scrum, tensorflow, git, sql. The ideal candidate has strong problem-solving abilities and a passion for technology.","python,c++,scrum,tensorflow,git,sql"
JOB_156,Data Analyst,Beta Technologies,"We are looking for a talented Data Analyst to join our team. You will be responsible for building scalable systems and working with cross-functional teams. Required skills include aws, python, agile. The ideal candidate has strong problem-solving abilities and a passion for technology.","aws,python,agile"
JOB_157,Backend Developer,DataWorks,"We are looking for a talented Backend Developer to join our team. You will be responsible for building scalable systems and working with cross-functional teams. Required skills include bash, graphql, java, javascript, django, tensorflow. The ideal candidate has strong problem-solving abilities and a passion for technology.","bash,graphql,java,javascript,django,tensorflow"
JOB_158,Systems Administrator,Epsilon IT,"We are looking for a talented Systems Administrator to join our team. You will be responsible for building scalable systems and working with cross-functional teams. Required skills include scrum, bash, html. The ideal candidate has strong problem-solving abilities and a passion for technology.","scrum,bash,html"
JOB_159,DevOps Engineer,Epsilon IT,"We are looking for a talented DevOps Engineer to join our team. You will be responsible for building scalable systems and working with cross-functional teams. Required skills include tensorflow, typescript, react, linux, agile, css, html. The ideal candidate has strong problem-solving abilities and a passion for technology.","tensorflow,typescript,react,linux,agile,css,html"
JOB_160,DevOps Engineer,Beta Technologies,"We are looking for a talented DevOps Engineer to join our team. You will be responsible for building scalable systems and working with cross-functional teams. Required skills include graphql, python, pytorch, sql, bash, java, django, agile. The ideal candidate has strong problem-solving abilities and a passion for technology.","graphql,python,pytorch,sql,bash,java,django,agile"
JOB_161,Full Stack Developer,DataWorks,"We are looking for a talented Full Stack Developer to join our team. You will be responsible for building scalable systems and working with cross-functional teams. Required skills include pytorch, git, aws, tensorflow, django. The ideal candidate has strong problem-solving abilities and a passion for technology.","pytorch,git,aws,tensorflow,django"
JOB_162,Backend Developer,Beta Technologies,"We are looking for a talented Backend Developer to join our team. You will be responsible for building scalable systems and working with cross-functional teams. Required skills include typescript, linux, flask, rest api, git, aws, scrum, agile. The ideal candidate has strong problem-solving abilities and a passion for technology.","typescript,linux,flask,rest api,git,aws,scrum,agile"
JOB_163,Frontend Developer,DataWorks,"We are looking for a talented Frontend Developer to join our team. You will be responsible for building scalable systems and working with cross-functional teams. Required skills include html, java, django, scrum, tensorflow. The ideal candidate has strong problem-solving abilities and a passion for technology.","html,java,django,scrum,tensorflow"
JOB_164,Frontend Developer,Epsilon IT,"We are looking for a talented Frontend Developer to join our team. You will be responsible for building scalable systems and working with cross-functional teams. Required skills include rest api, tensorflow, c++, kubernetes, pytorch, javascript, html, typescript. The ideal candidate has strong problem-solving abilities and a passion for technology.","rest api,tensorflow,c++,kubernetes,pytorch,javascript,html,typescript"
JOB_165,Product Manager,InnoSoft,"We are looking for a talented Product Manager to join our team. You will be responsible for building scalable systems and working with cross-functional teams. Required skills include kubernetes, docker, aws, django, javascript, pytorch, css, graphql. The ideal candidate has strong problem-solving abilities and a passion for technology.","kubernetes,docker,aws,django,javascript,pytorch,css,graphql"
JOB_166,Cloud Architect,InnoSoft,"We are looking for a talented Cloud Architect to join our team. You will be responsible for building scalable systems and working with cross-functional teams. Required skills include nodejs, machine learning, aws, scrum, docker, tensorflow, react. The ideal candidate has strong problem-solving abilities and a passion for technology.","nodejs,machine learning,aws,scrum,docker,tensorflow,react"
JOB_167,Software Engineer,Beta Technologies,"We are looking for a talented Software Engineer to join our team. You will be responsible for building scalable systems and working with cross-functional teams. Required skills include graphql, css, javascript. The ideal candidate has strong problem-solving abilities and a passion for technology.","graphql,css,javascript"
JOB_168,Product Manager,Beta Technologies,"We are looking for a talented Product Manager to join our team. You will be responsible for building scalable systems and working with cross-functional teams. Required skills include c++, aws, java. The ideal candidate has strong problem-solving abilities and a passion for technology.","c++,aws,java"
JOB_169,UI/UX Designer,TechCorp,"We are looking for a talented UI/UX Designer to join our team. You will be responsible for building scalable systems and working with cross-functional teams. Required skills include git, c++, tensorflow, java, typescript, bash, agile. The ideal candidate has strong problem-solving abilities and a passion for technology.","git,c++,tensorflow,java,typescript,bash,agile"
JOB_170,Full Stack Developer,NextGen Solutions,"We are looking for a talented Full Stack Developer to join our team. You will be responsible for building scalable systems and working with cross-functional teams. Required skills include sql, scrum, javascript, c++, aws. The ideal candidate has strong problem-solving abilities and a passion for technology.","sql,scrum,javascript,c++,aws"
JOB_171,Data Analyst,Beta Technologies,"We are looking for a talented Data Analyst to join our team. You will be responsible for building scalable systems and working with cross-functional teams. Required skills include c++, agile, nodejs, git, kubernetes, aws, flask. The ideal candidate has strong problem-solving abilities and a passion for technology.","c++,agile,nodejs,git,kubernetes,aws,flask"
JOB_172,Backend Developer,Beta Technologies,"We are looking for a talented Backend Developer to join our team. You will be responsible for building scalable systems and working with cross-functional teams. Required skills include machine learning, aws, sql, git, scrum, python, javascript, agile. The ideal candidate has strong problem-solving abilities and a passion for technology.","machine learning,aws,sql,git,scrum,python,javascript,agile"
JOB_173,Software Engineer,Epsilon IT,"We are looking for a talented Software Engineer to join our team. You will be responsible for building scalable systems and working with cross-functional teams. Required skills include bash, tensorflow, pytorch. The ideal candidate has strong problem-solving abilities and a passion for technology.","bash,tensorflow,pytorch"
JOB_174,Systems Administrator,InnoSoft,"We are looking for a talented Systems Administrator to join our team. You will be responsible for building scalable systems and working with cross-functional teams. Required skills include java, agile, git, javascript, tensorflow, pytorch, linux, scrum. The ideal candidate has strong problem-solving abilities and a passion for technology.","java,agile,git,javascript,tensorflow,pytorch,linux,scrum"
JOB_175,Systems Administrator,NextGen Solutions,"We are looking for a talented Systems Administrator to join our team. You will be responsible for building scalable systems and working with cross-functional teams. Required skills include tensorflow, machine learning, git. The ideal candidate has strong problem-solving abilities and a passion for technology.","tensorflow,machine learning,git"
JOB_176,Machine Learning Engineer,InnoSoft,"We are looking for a talented Machine Learning Engineer to join our team. You will be responsible for building scalable systems and working with cross-functional teams. Required skills include nodejs, html, react, agile, bash, aws. The ideal candidate has strong problem-solving abilities and a passion for technology.","nodejs,html,react,agile,bash,aws"
JOB_177,Systems Administrator,InnoSoft,"We are looking for a talented Systems Administrator to join our team. You will be responsible for building scalable systems and working with cross-functional teams. Required skills include java, machine learning, nodejs. The ideal candidate has strong problem-solving abilities and a passion for technology.","java,machine learning,nodejs"
JOB_178,Machine Learning Engineer,Delta Software,"We are looking for a talented Machine Learning Engineer to join our team. You will be responsible for building scalable systems and working with cross-functional teams. Required skills include java, typescript, agile, react, sql. The ideal candidate has strong problem-solving abilities and a passion for technology.","java,typescript,agile,react,sql"
JOB_179,Product Manager,Cloud9,"We are looking for a talented Product Manager to join our team. You will be responsible for building scalable systems and working with cross-functional teams. Required skills include css, javascript, rest api. The ideal candidate has strong problem-solving abilities and a passion for technology.","css,javascript,rest api"
JOB_180,Data Analyst,TechCorp,"We are looking for a talented Data Analyst to join our team. You will be responsible for building scalable systems and working with cross-functional teams. Required skills include kubernetes, aws, react, javascript. The ideal candidate has strong problem-solving abilities and a passion for technology.","kubernetes,aws,react,javascript"
JOB_181,Full Stack Developer,Cloud9,"We are looking for a talented Full Stack Developer to join our team. You will be responsible for building scalable systems and working with cross-functional teams. Required skills include kubernetes, django, graphql, java, aws, docker. The ideal candidate has strong problem-solving abilities and a passion for technology.","kubernetes,django,graphql,java,aws,docker"
JOB_182,Full Stack Developer,InnoSoft,"We are looking for a talented Full Stack Developer to join our team. You will be responsible for building scalable systems and working with cross-functional teams. Required skills include react, rest api, django, docker, c++, git, java. The ideal candidate has strong problem-solving abilities and a passion for technology.","react,rest api,django,docker,c++,git,java"
JOB_183,Data Analyst,Cloud9,"We are looking for a talented Data Analyst to join our team. You will be responsible for building scalable systems and working with cross-functional teams. Required skills include aws, flask, rest api, linux, agile, python. The ideal candidate has strong problem-solving abilities and a passion for technology.","aws,flask,rest api,linux,agile,python"
JOB_184,Product Manager,Delta Software,"We are looking for a talented Product Manager to join our team. You will be responsible for building scalable systems and working with cross-functional teams. Required skills include graphql, java, aws, rest api, scrum, python, html. The ideal candidate has strong problem-solving abilities and a passion for technology.","graphql,java,aws,rest api,scrum,python,html"
JOB_185,UI/UX Designer,Cloud9,"We are looking for a talented UI/UX Designer to join our team. You will be responsible for building scalable systems and working with cross-functional teams. Required skills include react, python, typescript, rest api, java, css, pytorch, c++. The ideal candidate has strong problem-solving abilities and a passion for technology.","react,python,typescript,rest api,java,css,pytorch,c++"
JOB_186,Frontend Developer,Delta Software,"We are looking for a talented Frontend Developer to join our team. You will be responsible for building scalable systems and working with cross-functional teams. Required skills include rest api, docker, java, pytorch. The ideal candidate has strong problem-solving abilities and a passion for technology.","rest api,docker,java,pytorch"
JOB_187,DevOps Engineer,DataWorks,"We are looking for a talented DevOps Engineer to join our team. You will be responsible for building scalable systems and working with cross-functional teams. Required skills include django, python, agile, typescript, machine learning, c++. The ideal candidate has strong problem-solving abilities and a passion for technology.","django,python,agile,typescript,machine learning,c++"
JOB_188,Software Engineer,Cloud9,"We are looking for a talented Software Engineer to join our team. You will be responsible for building scalable systems and working with cross-functional teams. Required skills include c++, git, typescript, pytorch, flask, agile. The ideal candidate has strong problem-solving abilities and a passion for technology.","c++,git,typescript,pytorch,flask,agile"
JOB_189,Full Stack Developer,Delta Software,"We are looking for a talented Full Stack Developer to join our team. You will be responsible for building scalable systems and working with cross-functional teams. Required skills include nodejs, rest api, react, linux. The ideal candidate has strong problem-solving abilities and a passion for technology.","nodejs,rest api,react,linux"
JOB_190,Data Scientist,Beta Technologies,"We are looking for a talented Data Scientist to join our team. You will be responsible for building scalable systems and working with cross-functional teams. Required skills include pytorch, sql, docker, agile, react, flask, typescript. The ideal candidate has strong problem-solving abilities and a passion for technology.","pytorch,sql,docker,agile,react,flask,typescript"
JOB_191,Data Analyst,Beta Technologies,"We are looking for a talented Data Analyst to join our team. You will be responsible for building scalable systems and working with cross-functional teams. Required skills include nodejs, react, css, rest api. The ideal candidate has strong problem-solving abilities and a passion for technology.","nodejs,react,css,rest api"
JOB_192,Product Manager,NextGen Solutions,"We are looking for a talented Product Manager to join our team. You will be responsible for building scalable systems and working with cross-functional teams. Required skills include agile, html, bash, rest api. The ideal candidate has strong problem-solving abilities and a passion for technology.","agile,html,bash,rest api"
JOB_193,Backend Developer,NextGen Solutions,"We are looking for a talented Backend Developer to join our team. You will be responsible for building scalable systems and working with cross-functional teams. Required skills include machine learning, bash, git. The ideal candidate has strong problem-solving abilities and a passion for technology.","machine learning,bash,git"
JOB_194,Software Engineer,Delta Software,"We are looking for a talented Software Engineer to join our team. You will be responsible for building scalable systems and working with cross-functional teams. Required skills include agile, typescript, nodejs, aws, git. The ideal candidate has strong problem-solving abilities and a passion for technology.","agile,typescript,nodejs,aws,git"
JOB_195,Backend Developer,Delta Software,"We are looking for a talented Backend Developer to join our team. You will be responsible for building scalable systems and working with cross-functional teams. Required skills include sql, git, tensorflow, react, kubernetes, scrum, linux, java. The ideal candidate has strong problem-solving abilities and a passion for technology.","sql,git,tensorflow,react,kubernetes,scrum,linux,java"
JOB_196,Data Analyst,InnoSoft,"We are looking for a talented Data Analyst to join our team. You will be responsible for building scalable systems and working with cross-functional teams. Required skills include flask, linux, machine learning, c++. The ideal candidate has strong problem-solving abilities and a passion for technology.","flask,linux,machine learning,c++"
JOB_197,DevOps Engineer,Beta Technologies,"We are looking for a talented DevOps Engineer to join our team. You will be responsible for building scalable systems and working with cross-functional teams. Required skills include graphql, agile, machine learning, bash, c++, aws, sql, nodejs. The ideal candidate has strong problem-solving abilities and a passion for technology.","graphql,agile,machine learning,bash,c++,aws,sql,nodejs"
JOB_198,Data Analyst,Beta Technologies,"We are looking for a talented Data Analyst to join our team. You will be responsible for building scalable systems and working with cross-functional teams. Required skills include tensorflow, flask, bash. The ideal candidate has strong problem-solving abilities and a passion for technology.","tensorflow,flask,bash"
JOB_199,Systems Administrator,Alpha Systems,"We are looking for a talented Systems Administrator to join our team. You will be responsible for building scalable systems and working with cross-functional teams. Required skills include rest api, pytorch, react, typescript, python. The ideal candidate has strong problem-solving abilities and a passion for technology.","rest api,pytorch,react,typescript,python"
JOB_200,Frontend Developer,Delta Software,"We are looking for a talented Frontend Developer to join our team. You will be responsible for building scalable systems and working with cross-functional teams. Required skills include kubernetes, c++, css, git, aws. The ideal candidate has strong problem-solving abilities and a passion for technology.","kubernetes,c++,css,git,aws"
